<?xml version="1.0" encoding="utf-8"?>
<xd:acceleratorMap xmlns:xd="http://www.xilinx.com/xidane" xd:functionName="conv2d_accel" xd:componentRef="conv2d_accel" xd:initiationInterval="1691378" xd:clockPeriod="10.000" xd:sequential="true" xd:hostMachine="64" xd:reset="control">
  <xd:controlReg xd:name="control" xd:interfaceRef="s_axi_control" xd:busTypeRef="axilite" xd:type="generic_axi_lite" xd:offset="0x0"/>
  <xd:arg xd:name="*(input)" xd:originalName="input" xd:direction="inout" xd:interfaceRef="m_axi_gmem" xd:busTypeRef="aximm" xd:dataPack="true" xd:bitMapping="15:0" xd:dataWidth="16" xd:bufferDirection="in"/>
  <xd:arg xd:name="*(kernel)" xd:originalName="kernel" xd:direction="inout" xd:interfaceRef="m_axi_gmem" xd:busTypeRef="aximm" xd:dataPack="true" xd:bitMapping="15:0" xd:dataWidth="16" xd:bufferDirection="in"/>
  <xd:arg xd:name="*(bias)" xd:originalName="bias" xd:direction="inout" xd:interfaceRef="m_axi_gmem" xd:busTypeRef="aximm" xd:dataPack="true" xd:bitMapping="15:0" xd:dataWidth="16" xd:bufferDirection="in"/>
  <xd:arg xd:name="*(output)" xd:originalName="output" xd:direction="inout" xd:interfaceRef="m_axi_gmem" xd:busTypeRef="aximm" xd:dataPack="true" xd:bitMapping="15:0" xd:dataWidth="16" xd:bufferDirection="out"/>
  <xd:arg xd:name="input_V" xd:originalName="input_V" xd:direction="in" xd:interfaceRef="s_axi_control" xd:busTypeRef="axilite" xd:aximmInterfaceRef="m_axi_gmem" xd:dataWidth="32" xd:offset="0x10" xd:handshakeRef="ap_none"/>
  <xd:arg xd:name="kernel_V" xd:originalName="kernel_V" xd:direction="in" xd:interfaceRef="s_axi_control" xd:busTypeRef="axilite" xd:aximmInterfaceRef="m_axi_gmem" xd:dataWidth="32" xd:offset="0x18" xd:handshakeRef="ap_none"/>
  <xd:arg xd:name="bias_V" xd:originalName="bias_V" xd:direction="in" xd:interfaceRef="s_axi_control" xd:busTypeRef="axilite" xd:aximmInterfaceRef="m_axi_gmem" xd:dataWidth="32" xd:offset="0x20" xd:handshakeRef="ap_none"/>
  <xd:arg xd:name="output_V" xd:originalName="output_V" xd:direction="in" xd:interfaceRef="s_axi_control" xd:busTypeRef="axilite" xd:aximmInterfaceRef="m_axi_gmem" xd:dataWidth="32" xd:offset="0x28" xd:handshakeRef="ap_none"/>
  <xd:latencyEstimates xd:best-case="1691377" xd:worst-case="1691377" xd:average-case="1691377"/>
  <xd:resourceEstimates xd:LUT="6090" xd:FF="4416" xd:BRAM="2" xd:DSP="27"/>
</xd:acceleratorMap>
