<profile>

<section name = "Vivado HLS Report for 'conv2d_accel'" level="0">
<item name = "Date">Tue Feb 17 23:15:09 2026
</item>
<item name = "Version">2018.2 (Build 2258646 on Thu Jun 14 20:25:20 MDT 2018)</item>
<item name = "Project">cnn_conv_accelerator</item>
<item name = "Solution">solution1</item>
<item name = "Product family">aartix7</item>
<item name = "Target device">xa7a12tcsg325-1q</item>
</section>

<section name = "Performance Estimates" level="0">
<item name = "Timing (ns)">
<section name = "" level="1">
<item name = "Summary"><table name="" hasTotal="0">
<keys size="4">Clock, Target, Estimated, Uncertainty</keys>
<column name="ap_clk">10.00, 8.750, 1.25</column>
</table>
</item>
</section>
</item>
<item name = "Latency (clock cycles)">
<section name = "" level="1">
<item name = "Summary"><table name="" hasTotal="0">
<keys size="6">, min, max, min, max, Type</keys>
<column name="">1691377, 1691377, 1691377, 1691377, none</column>
</table>
</item>
<item name = "Detail">
<section name = "" level="1">
<item name = "Instance"><table name="" hasTotal="0">
<keys size="7">Instance, Module, min, max, min, max, Type</keys>
</table>
</item>
<item name = "Loop"><table name="" hasTotal="0">
<keys size="8">Loop Name, min, max, Latency, achieved, target, Count, Pipelined</keys>
<column name="- Loop 1">1691375, 1691375, 71, 55, 2, 30752, yes</column>
</table>
</item>
</section>
</item>
</section>
</item>
</section>
</profile>
